Income,Percentage
90000,0.25059
105000,0.16706
140000,0.08352
140001,0
